18S RNA,6
18S rRNA,10
28S rRNA,3
4A6,2
4a,34
4b,34
5.8S,10
5S,10
87K,7
87K postsynaptic protein,5
A,14
A-Cat,5
A-SMase,12
A1 adenosine receptor,18
A1 adenosine receptors,1
A1-adenosine receptor,1
A23R,18
A8R,18
ABP,7
ABP1,10
ABPs,4
ACT1,10
ADA,3
ADE2,4
ADF,130
AF-6,14
AH,8
ANP,4
AP-1,46
APC,86
APO1,20
ATPase,16
AXL1,2
Abp1p,40
Act88F,16
ActA,23
Actin,14
Actin-binding proteins,13
Actin-depolymerizing factor,4
Actophorin,2
Aip1,18
Aip1p,95
Apc,15
Aprotinin,4
Arm,6
Armadillo,21
Arp,84
Arp2,106
Arp3,10
AtFim1,11
B-Cat,5
BAX,5
BCK1,16
BCK1-20,16
BNI1,23
BRCA1,42
BRCA2,42
BTG,5
BUB3,13
BUD1,5
BUD2,5
BUD3,7
BUD4,7
BUD5,5
BUD8,15
Bet v 1,2
Bni1p,7
Bnr1p,7
Brca1,6
C protein,4
C/ATF,5
CAN1,3
CAP1,10
CAP2,14
CAT,12
CBP,76
CD-95,5
CD26,13
CD31,4
CD34,26
CD44,32
CD44s,23
CD44v10,23
CD44v5,23
CD44v6,27
CD44v7-8,23
CDC39,15
CDC42Hs,16
CDC55,15
CDK,7
CDK2,22
CDK4,9
CDKI,5
CGA7,5
CHK1,13
CIN,6
CIN1,3
CIP1,6
CKI,11
CKIs,6
CKs,16
COF1,4
CREB,39
CREB binding protein,4
CREB-binding protein,8
CREB-binding-protein,3
CREBbinding protein,6
CTNNB1,3
CUB,14
CUS1,15
CYBB,6
Cadherins,4
Calpain,3
CapG,5
Cas,5
Caspase-8,5
Cdc42,2
Cdc42p,9
Cdc6,5
Cdk2,10
Cdk4,6
Cip1,17
Class II profilins,6
Cof,8
Cofilin,5
Cx43,10
DBR1,15
DDC1,4
DDC2,13
DE-cadherin,4
DEAD box helicase,11
DFG10,15
DFG16,15
DFG5,15
DFG9,15
DHFR,16
DNA helicase-primase,6
DNA polymerase,11
DNA-PK,4
DNAse I,2
DNase,7
DNase I,46
DPB11,13
DR3,13
DR4,8
DR5,8
DRP,5
DUN1,13
Death receptors,5
E-APC,3
E-CD,17
E-Cad,5
E-cad,97
E-cadherin,523
E1A,8
E2A,11
E2F,10
E3L,4
E8,5
EF-1alpha,5
EGF,35
EGF receptor,15
EGFR,60
EID-1,4
EMA,16
END5,3
END6,3
ER,4
ERCC1,11
ERCC2,11
ERK,16
ERK1,13
ERK2,5
End5p,3
F,76
F0,37
FADD,167
FADD-DN,5
FAF,49
FAP,40
FH proteins,7
FLICE,18
Factor-XIIIa,10
Fas,93
Fas ligand,40
Fyn,5
G,34
G proteins,14
G1 cyclin,3
GAF/PAS,2
GAL4,9
GAL80,1
GBD,6
GCD10,8
GFP,5
GIC1,4
GIC2,4
GP,10
GPIIb,10
GTBP,4
GTPase,7
Glutathione S-transferase,6
Gravin,5
Green fluorescent protein,5
H,50
H1,41
H1(0),20
H119E,3
H2A,48
H2A.1,20
H2A.2,40
H2A.X,20
H2A.Z,20
H2B,52
H2B.1,5
H2a,54
H2b,54
H3,239
H4,252
HBx,5
HCS77,16
HECD-1,5
HER-2,3
HGF,4
HHF35,5
HHR23A,11
HHR23B,11
HMP-1,7
HMP-2,7
HMR-1,7
HN,39
HRG,5
HRR25,11
HSH49,15
HSP,5
HSP27,10
HSP70,10
Histone,5
ICP8,29
ICSBP,6
IGF-I,14
IL-1alpha,8
IL-2,24
IL-6,5
INK4A,4
INK4a,6
IRF1,6
IgA,4
IgG,3
Insulin-like growth factor I,7
Insulin-like growth factor-I,2
Integrin,6
JNK,4
K03H1.10,5
K114E profilin,3
KDR,3
KIP1,16
Ki-67,29
Kip1,8
L,119
L-plastin,2
LEF-1,16
LIM kinase,2
LIM-kinase,20
LIM-kinase 1,14
LIM-kinases,3
LIMK,3
LIMK1,14
LIMK1-,3
LIMK2,35
LIMKs,3
M,139
M1,12
MAD3,13
MAP kinase,21
MAPK,24
MAb 0811,7
MC159,5
MDP2,3
MEC1,23
MEC2,5
MEC3,38
MEK,24
MEK1,8
MEKK,16
MET15,4
MHC,37
MHC-IIB,4
MHC-IIB(B2),4
MHC-IIB(DeltaB2),4
MHCK,12
MID2,16
MKK1,16
MLC,10
MLH1,27
MLL,10
MORT-1,9
MORT1,27
MPK1,16
MRF4,6
MRS11,1
MRS5,1
MSH2,213
MSH3,140
MSH6,147
Mdm20p,5
MgATPase,4
Mhc36B,14
MluI,10
Munc-18-2,9
Munc18-2,52
Myc,7
Myf-5,16
Myf5,6
Myh,3
Myo2p,2
Myo5p,4
MyoD,16
MyoD1,6
Myogenin,2
Myosin heavy chain A,4
N,148
N-WASP,24
N-cadherin,43
N375,2
NAB1,15
NCF2,6
NM-type cofilin,1
NP,71
NP-1,8
NR1,2
NRP1,56
Neuropilin 1,8
Neuropilin-1,21
ORC1,10
ORC3,2
ORC4,12
ORC5,2
OSM,8
P,204
P protein,3
P proteins,13
P(I),5
P(NJ),5
P-cadherin,10
PAC2,3
PCAF,9
PCNA,31
PDGF,8
PDGF receptor,8
PDGF-AB,8
PDS1,13
PEPCK,2
PF4,8
PFNs,2
PFY1,24
PI,6
PI 3-kinase,11
PIMT,9
PIP kinases,6
PKC,10
PKC-delta,2
PKC1,16
PKR,4
PLC-delta,7
PMN actin,14
PMS1,6
PMS2,8
PNR,16
POL,3
PP1,4
PP2A,4
PRP11,42
PRP21,24
PRP5,22
PRP9,42
PRT1,32
PS1,3
PU.1,6
Pkc1p,16
Platelet talin,4
Pol,12
Profilin,9
Profilin I,2
Profilin II,6
Profilins,4
R10E11.1,5
RAD,12
RAD 54,6
RAD1,19
RAD10,8
RAD14,16
RAD17,38
RAD2,8
RAD23,11
RAD24,38
RAD25,8
RAD27,2
RAD3,8
RAD5,5
RAD50,9
RAD51,305
RAD52,265
RAD53,18
RAD54,107
RAD55,36
RAD57,43
RAD59,3
RAD6,4
RAD9,38
RAFT1,7
RAIDD,6
RAS,4
RFC5,13
RHO2,16
RIP,101
RIP kinase,6
RIPc,4
RNA polymerase,6
ROCK,15
ROM2,16
RSR1,5
RVS161,7
RVS167,7
Rac,7
Rad51,6
Rad52,6
Raf,5
Rap1A,7
Ras,19
Rb,14
Rep-3,4
Rep68,6
Rho,43
Rho GTPase,8
RhoGAP,7
S-100,26
SAC6,14
SAGA,11
SAPK,4
SF,4
SF3a,3
SH,14
SH3-binding glutamate-rich protein,11
SIR,8
SIR1,22
SIR2,12
SIR3,16
SIR4,22
SJL1,4
SLG1,16
SM myosin heavy chain,11
SM1,23
SM2,23
SMC myosin heavy chain,5
SMHC,3
SMemb,22
SNAP-23,13
SNAP-25,2
SNAREs,4
SNF,14
SNF11,14
SNF2,14
SP2,5
SPA2,15
SRV2,15
SSB,6
STE12,15
SUI1,8
SWI,14
Sac6p,5
Scar,18
Sec1,26
Single-headed myosin,2
Sla2p,5
Smooth muscle,1
Smooth muscle alpha actin,1
Smooth muscle talin,1
Src,4
Stat1,3
T beta 4,28
T beta 4Xen,2
T-cell factor,3
TD77,30
TEC1,15
TESK1,7
TESK2,3
TFIIIC,4
TGF-beta1,4
TGFbeta,4
TGFbeta RII,5
TIF34,32
TIF35,8
TNF,21
TNF receptor,39
TNF-R1,20
TNF-RI,9
TNF-alpha,11
TNFR-1,25
TNFR1,26
TNFalpha,9
TPA,3
TPM1,25
TRADD,159
TRAF,9
TRAF-1,9
TRAF-2,9
TRAF-3,9
TRAF2,4
TRAIL,40
TRAIL receptors,9
TRAIL receptors 1,9
TRAIL-R1,9
TRAIL-R2,9
TS,16
TSH,16
TXB2,5
Tax,18
Tbeta4,21
Tcf-4,7
Testicular protein kinase 1,4
Thrombin,10
Thymosin-beta4,9
TnI,13
U2 snRNP,22
UBE2I,4
UBL1,4
UL18,1
UL29,24
UL30,6
UL38,1
UL42,21
UL5,168
UL52,169
UL8,176
UL9,55
USF,8
V,25
V protein,14
V12Ras,3
VASP,13
VE-cadherin,16
VEGF,13
VEGF receptor 2,8
VEGF(121),14
VEGF(165),28
VEGF-receptor-2,3
VEGF165,16
VEGFR-2,8
VITF-3,6
VRP1,3
Vascular endothelial cadherin,4
Villin,3
Vimentin,2
WAF1,18
WASP,14
WASp,23
WHI3,15
WIP,12
WSC1,16
Wiskott-Aldrich Syndrome Protein,7
Wiskott-Aldrich syndrome protein,4
X22,10
XPC,11
XPD,11
XRCC1,4
XRCC3,4
XRCC5,4
Ykt6pN,3
ZmPRO1,12
ZmPRO4,24
ZmPRO5,4
acetylase,9
acetylase(s),9
acetylcholine receptor,5
acetylcholinesterase,5
acid SMase,10
acid sphingomyelinase,10
act1-157,15
act1-159,5
actin,3702
actin I,10
actin alpha skeletal muscle,1
actin binding protein,23
actin binding proteins,15
actin depolymerizing factor,72
actin-binding protein,129
actin-binding proteins,73
actin-depolymerizing factor,16
actin-depolymerizing factors,3
actins,10
actobindin,10
actomyosin,3
acumentin,3
adenosine deaminase,26
adenosine kinase,5
alkaline proteinase,2
alpha 1-syntrophin,7
alpha 5,7
alpha Myosin,7
alpha actin,6
alpha actinin,3
alpha catenin,2
alpha myosin,7
alpha v beta 3,5
alpha v beta 5,5
alpha-,29
alpha-Catenin,5
alpha-SM actin,7
alpha-SMA,19
alpha-SNAP,2
alpha-Skeletal actin,2
alpha-Sm actin,3
alpha-Smooth muscle actin,1
alpha-actinin,46
alpha-actinin2,2
alpha-cardiac actin,3
alpha-cat,5
alpha-catenin,979
alpha-catenin 57-264,4
alpha-skA,4
alpha-skeletal actin,9
alpha-smooth muscle,4
alpha-smooth muscle actin,60
alpha-smooth-muscle actin,2
alpha-spectrin,3
alpha-syntrophin,22
amphiphysin,3
annexin I,18
antigravin,5
armadillo,26
avidin,16
basic calponin,6
beta 1 integrin subunit,4
beta 1 integrins,7
beta 1-integrin,6
beta 1-syntrophin,12
beta 2-,7
beta catenin,2
beta myosin,14
beta myosin heavy chain,4
beta-Catenin,6
beta-MHC,4
beta-cat,5
beta-catenin,1172
beta1 integrin,12
beta1-integrin,3
beta1D integrin,2
beta2 integrins,2
brain actin,11
brain profilin,3
brush border myosin-I,3
c-Jun,2
c-Jun N-terminal kinase,19
c-Myc,5
c-Raf-1-BxB,4
c-erbB2,46
c-fos,5
c-jun,5
c-src,5
cadherin,103
cadherin-11,7
cadherin-5,4
cadherins,21
calbindin,4
calcium vector protein,11
caldesmon,8
calmodulin,40
calpain,6
calponin,42
calreticulin,7
cap-,4
capping protein,19
cardiac myosin heavy chain,24
cardiac ventricular myosin heavy chain,5
cas,8
casein,2
caspase,3
caspase-8,40
caspases,9
caspases-8,9
catenin,48
catenins,21
cdc12p,4
cdc3,4
cdc3+,4
cdc8,4
cdk2,28
cdk4,6
cell adhesion molecules,5
cell adhesion proteins,7
class I profilins,6
class II myosins,4
classical cadherin,7
clathrin,10
clusterin,4
coagulation factor,14
cofilin,810
cofilin/ADF,12
collagen,8
collagen type IV,10
collagenase,8
collagens,10
collapsin-1,8
color vision red pigment,4
connexin 43,10
coronin,2
cortexillin,10
cortexillin I,5
creatine kinase,11
cut1,3
cut1+,3
cut2+,3
cut2-364,3
cyclin,13
cyclin A,12
cyclin B1,6
cyclin D,10
cyclin D1,61
cyclin D3,9
cyclin E,84
cyclin E-associated kinase,8
cyclin E-dependent kinase,7
cyclin dependent kinase inhibitor,13
cyclin-dependent kinase 2,9
cyclin-dependent kinase inhibitor,117
cyclin-dependent kinase inhibitors,9
cysteine proteases,5
cytokeratin,5
cytokeratins,96
cytokines,8
cytoskeletal,4
death receptors,5
delta-catenin,1
deoxyribonuclease I,3
desmin,71
destrin,16
diaphanous,4
dihydrofolate reductase,16
dipeptidyl peptidase IV,11
dystrophin,24
dystrophin related protein,12
eIF3,32
eIF3-p33,8
ecto-5'-nucleotidase,2
embryonic alpha-tubulin,9
embryonic beta-tubulin,9
epidermal growth factor,22
epithelial cadherin,6
epithelial membrane antigen,16
erythrocyte transferase,5
eukaryotic translation initiation factor 3,8
extracellular matrix proteins,2
extracellular signal regulated protein kinase,12
extracellular signal-regulated protein kinases,5
ezrin,8
fast myosin heavy chain,5
ferritin heavy chain,9
fibronectin,48
fibronectin receptor,3
filamin,23
fimbrin,112
fimbrin 1,3
fimbrin/plastin,3
fimbrins,8
flk-1,3
focal adhesion kinase,7
fragmin,5
fus1,4
fusion,48
fusion protein,26
gamma catenin,2
gamma-catenin,132
gelatin,12
gelsolin,123
gephyrin,7
gizzard talin,4
glc7-10,32
glial fibrillary acid protein,16
glucocorticoid receptor,1
glucokinase,40
glycoprotein,17
glycoprotein 130,8
gp130,8
haemagglutinin,13
haemagglutinin neuraminidase,13
haemagglutinin-neuraminidase,14
heat shock protein,5
heat shock proteins,10
helicase-primase,66
hemagglutinin-neuraminidase protein,12
high molecular weight caldesmon,10
histone,650
histones,84
hnRNP,9
immunoglobulin,3
insulin,12
insulin-like growth factor I,7
integrin,12
integrins,26
interferon,4
interleukin-1alpha,8
iota toxin,5
islet glucokinase,10
islet-type glucokinase,10
keratin,4
kinase,14
kip1,3
lactic dehydrogenase,2
lamin B,3
laminin,37
large,27
large T-antigen,6
large polymerase,6
large protein,19
liver-,10
lymphocyte talin,4
mDia,2
mHip1R,3
mURA3,4
macrophage profilin,3
major DNA-binding protein,10
matrix,53
matrix protein,31
membrane protein,12
methyltransferase,11
mgt1,6
mitogen-activated protein kinase,25
msh2,18
msh3,18
msh6,18
msh6-F337A,3
muscarinic receptor,24
muscarinic receptors,12
muscle,25
muscle LIM,11
muscle actin,50
muscle myosin heavy chain,2
muscle tropomyosin,7
muscle-specific actin,3
mutS,8
myogenin,24
myosin,50
myosin I,3
myosin II,10
myosin II heavy-chain kinase,6
myosin heavy chain,244
myosin heavy chain B,8
myosin heavy chain kinase,1
myosin heavy chains,12
myosin heavy-chain,4
myosin light chain,19
myosin light chain 1,5
myosin light chain 2,9
myosin light chain kinase,11
myosin regulatory light chain,11
myosin-II heavy chain,1
myosins,20
myosins IB,10
nestin,8
non-muscle myosin heavy chain,6
non-structural,13
nonerythroid spectrin,5
nonmuscle myosin heavy chain,1
nonmuscle myosin heavy chain II-B,3
nonmuscle myosin heavy chain IIB,4
nonmuscle-type myosin heavy chain,4
nuclear basic proteins,5
nuclear receptor coactivator,5
nucleocapsid,58
nucleocapsid protein,107
nucleosome,16
nucleosomes,7
oncostatin M,8
origin-binding protein,13
p120,37
p120cas,5
p130,8
p14,10
p16,20
p160/SRC-1,5
p16INK4,10
p16ink4a,5
p18,10
p19,10
p21,63
p21WAF1,7
p27,79
p27KIP1,17
p27Kip1,6
p27kip,3
p27kip1,5
p300,29
p33,8
p35,10
p38,12
p40,10
p53,59
p55,29
p55-R,10
p57,6
p57KIP2,2
p58,11
pE3,4
pRB,5
pRb,20
pan-cadherin,4
pan-desmocollin,6
pan-desmoglein,6
pancadherin,7
paxillin,30
pfy1-4,15
phospholipase C,17
phospholipase C-gamma 1,3
phosphoprotein,171
phosphorylatable myosin light chain,9
plakoglobin,334
platelet,14
platelet P-235,2
platelet actin,12
platelet profilin,28
platelet profilins,17
pollen actin,9
pollen profilin,9
polycystic kidney disease 1,3
polymerase,11
polymerase protein,5
pp125,7
pp60,5
pp60src,2
presenilin 1,1
primosome,3
profilin,1877
profilin I,76
profilin II,58
profilin-I,18
profilins,169
profilins I,10
profilins Ia,10
proliferating cell nuclear antigen,37
proteasome,8
protein,4
protein L-isoaspartyl methyltransferase,9
protein kinase,13
protein kinase C,4
protein kinase C alpha,3
protein tyrosine kinase,5
rac-1 GAP,5
rad18,5
rad22+,5
rad3,4
rad5,5
rad50,4
rad52,2
rad52-20,6
rad54,11
rad54Delta,11
rad55,3
rad57,3
rad59,4
rap1,2
rdh54,11
rdh54Delta,11
regulatory light chain,3
replication factor A,2
rhp51,4
rhp51+,5
rhp54,4
rhp54+,5
ribonuclease,20
ribonucleotide reductase,16
sNRP1,28
sac6,4
sac6-69,4
sarcomeric actin,11
sarcomeric actins,4
sarcomeric myosin heavy chain,3
semaphorin III,4
semaphorins,14
serine phosphatases,4
serine/threonine kinase,4
sgs1,4
single-stranded DNA-binding protein,13
skeletal actin,21
skeletal muscle actin,64
skeletal muscle myosin heavy chain,4
skeletal myosin heavy chain,1
small GTP-binding proteins,7
small hydrophobic,14
smooth muscle actin,16
smooth muscle myosin,5
smooth muscle myosin heavy chain,41
smooth muscle myosin heavy-chain,6
smoothelin,10
soluble NRP1,14
somatomedin C,8
spectrin,3
spectrin alpha-chain,1
spectrin beta-chain,1
spleen,6
spleen actin,12
spleen profilin,6
srs2,26
srs2Delta,22
stress-activated protein kinase,4
striated muscle myosin heavy chain,1
synaptojanin,4
syntaxin,18
syntaxin 3,74
syntrophin,7
syntrophin triplet,6
t-SNARE,13
talin,282
tau,11
thrombin,8
thymidylate synthase,16
thymosin,14
thymosin beta 4,33
thymosin beta(4),32
thymosin beta4,26
thymosin-beta4,18
titin,5
transcriptase,17
tropomyosin,78
troponin I,21
troponin T,3
troponin-I,3
trypsin,4
tubulin,11
tumor necrosis factor,4
tumor necrosis factor receptor 1,6
twinstar,2
type I myosin,4
type II myosin heavy chain,2
type IV collagen,25
type XIII collagen,3
tyrosine kinase,26
ubiquitin,8
utrophin,42
vascular endothelial,10
vascular endothelial growth factor,11
vascular endothelial growth factor 165,14
vascular endothelial growth factor-165,4
vasodilator-stimulated phosphoprotein,10
verprolin,69
villin,31
vimentin,50
vinculin,191
vitamin D-binding protein,2
vitronectin,5
waf1,22
zyxin,8
